{
  "formatVersion": 2,
  "fieldX": 17.548249,
  "fieldY": 8.0518,
  "obstacles": [
    {
      "id": "Left Wall",
      "vertices": [
        [-0.35, 6.77539398],
        [0, 6.77539398],
        [0, 1.27640602],
        [-0.35, 1.27640602]
      ]
    },
    {
      "id": "Bottom Left Coral Station",
      "vertices": [
        [-0.27559407, 0.89692467],
        [0, 1.27640602],
        [1.75755693, 0],
        [1.48196286, -0.37948135]
      ]
    },
    {
      "id": "Blue Reef",
      "vertices": [
        [3.6576, 4.50612653],
        [4.48943584, 4.98607205],
        [5.32107369, 4.50612653],
        [5.32107369, 3.54571954],
        [4.48933684, 3.06551605],
        [3.6576, 3.54572]
      ]
    }
  ]
}
