{
  "formatVersion": 2,
  "fieldX": 17.548249,
  "fieldY": 8.0518,
  "obstacles": [
    {
      "id": "Blue Reef",
      "vertices": [
        [3.6576, 4.50612653],
        [4.48943584, 4.98607205],
        [5.32107369, 4.50612653],
        [5.32107369, 3.54571954],
        [4.48933684, 3.06551605],
        [3.6576, 3.54572]
      ]
    }
  ]
}
